{"timestamps": [1527982063.0173914], "episode_lengths": [1000], "initial_reset_timestamp": 1527982022.4526215, "episode_rewards": [622.6320352774849], "episode_types": ["t", "t"]}