{"episode_rewards": [601.1504708471397], "episode_types": ["t", "t"], "episode_lengths": [1000], "timestamps": [1527588914.795536], "initial_reset_timestamp": 1527588890.4362893}