{"episode_types": ["t", "t", "t", "t", "t", "t", "t", "t", "t", "t", "t", "t", "t", "t", "t", "t", "t", "t", "t", "t", "t", "t", "t", "t", "t", "t", "t", "t", "t", "t", "t", "t", "t", "t", "t", "t", "t", "t", "t", "t", "t", "t", "t", "t", "t", "t", "t", "t", "t", "t", "t", "t", "t", "t", "t", "t", "t", "t", "t", "t", "t", "t", "t", "t", "t", "t", "t", "t", "t", "t", "t", "t", "t", "t", "t", "t", "t", "t", "t", "t", "t", "t", "t", "t", "t", "t", "t", "t", "t", "t", "t", "t", "t", "t", "t", "t", "t", "t", "t", "t", "t", "t", "t", "t", "t", "t", "t", "t", "t", "t", "t", "t", "t", "t", "t", "t", "t", "t", "t", "t", "t", "t", "t", "t", "t", "t", "t", "t", "t", "t", "t", "t", "t", "t", "t", "t", "t", "t", "t", "t", "t", "t", "t", "t", "t", "t", "t", "t", "t", "t", "t", "t", "t", "t", "t", "t", "t", "t", "t", "t", "t", "t", "t", "t", "t", "t", "t", "t", "t", "t", "t", "t", "t", "t", "t", "t", "t", "t", "t", "t", "t", "t", "t", "t", "t", "t", "t", "t", "t", "t", "t", "t", "t", "t", "t", "t", "t", "t", "t", "t", "t", "t", "t", "t", "t", "t", "t", "t", "t", "t", "t", "t", "t", "t", "t", "t", "t", "t", "t", "t", "t", "t", "t", "t", "t", "t", "t", "t", "t", "t", "t", "t", "t", "t", "t", "t", "t", "t", "t", "t", "t", "t", "t", "t", "t", "t", "t", "t", "t", "t", "t", "t"], "initial_reset_timestamp": 1527376826.822085, "episode_rewards": [-6.638879312433754, -153.92338048563667, -15.782349364934072, -71.69464930749695, -224.14645547222452, -6.529529451550763, -3.702894123102276, -12.435151998235753, -23.590322414961804, -42.339834179049376, -9.272229814979157, -94.95884462295949, -12.144413738855665, -7.614716255367997, -11.577500773703747, -22.27656412351393, -31.600517703690084, -44.43012363744623, -108.58334596798385, -56.90515582499535, -34.67810599404878, -10.247959891669005, -20.018631740828724, -26.345831472161258, -85.29080533801307, -8.729115650214396, -69.74047399788311, -1100.299681279974, -256.259913462075, -12.541390124579554, -11.677877583061653, -27.577644968752836, -22.281089773602787, -8.224758401185648, -7.1418140798418, -20.595555118018236, -34.64660419491424, -29.147930880612492, -88.8683424843213, -7.8658752795560964, -30.91567572615421, -15.174478304349703, -31.49482224154224, -11.572405469470821, -35.01373559004654, -6.911481222278101, -11.398166478949358, -29.605103193778525, -13.594977736942376, -140.25345358113537, -6.624439887528563, -117.720170718937, -4.645300963456293, -57.66828931133714, -24.698169969820366, -1132.0420917750507, -25.29487116497899, -61.709467302280004, -13.778507502854858, -68.90996962503459, -7.4548580040546915, -140.6225738127156, -26.291947903909502, -96.25592326923544, -17.09504095296664, -114.96247247654057, -649.4289149908284, -5.66281920771967, -16.908781922731606, -58.70806024219014, -50.26098132574618, -14.25127208055267, -57.94034554281234, -17.858245435442925, -41.624624058470935, -9.959242286776547, -118.01104224807415, -151.9112519387443, -13.681440573501854, -38.47334697117146, -13.010174231478743, -28.80397716590275, -159.3773353874394, -29.03571781732595, -3.5900737156374243, -9.956896270074772, -162.0911846885553, -44.36820442966526, -9.034509515922391, -127.03417666316977, -24.481237423892885, -9.362223875647047, -80.27453011211989, -29.36945263934394, -18.19185896868474, -11.993056391306848, -19.856124883953193, -9.345622080995138, -20.890995368018373, -76.58734170171275, -105.68735368345371, -31.488254906045242, -14.315424141404495, -41.99888911125412, -27.881754707736754, -6.700777143632998, -12.165044008655771, -14.13379667830334, -37.72549522555355, -48.559614818200835, -48.00126745062012, -81.52233603098506, -128.03622773226937, -122.30188642458221, -7.031055285989151, -18.201150622740784, -9.17245204611327, -87.84368485850133, -1082.8879063103366, -11.016291976842835, -11.610935670695808, -4.202007026135963, -13.185517820579426, -19.55004378664423, -4.352366888852887, -98.41593458506102, -10.720129512146602, -44.128404084060726, 6.76440707888571, -127.81239788805722, -28.381010863891586, -8.522806246874476, -45.085330359969966, -20.138635205765656, -38.26817325879793, -43.53078572779846, -1058.3659772850674, -8.936799479501728, -32.22403344757566, -11.439734176390694, -40.8710257265712, -192.87437630754604, -13.534503036909872, -10.16054274126321, -3.8834635873813714, -118.3556158997406, -91.46012418408729, -25.75841992557518, -15.439509223085283, -102.47827842701246, -55.745502273198035, -40.806423859306804, -25.8524703693485, -2.119780399557953, -27.16283025541482, -212.43803697553352, -51.004425913915746, -33.369006138477545, -18.098526397331934, -6.478176170375215, -4.229241073841619, -9.094382572444566, -12.286381798400226, -11.58747428519617, -54.21255388799841, -3.0702626162729185, -38.654168005779816, -49.71294915304785, -33.760504541165965, -12.954580193689385, -9.537186256669624, -37.20966857569923, -34.55340501631643, -0.4850040772267299, -424.176134552312, -16.853431088024237, -128.5024809356665, -17.156647282596303, -9.5537616361958, -4.043851695955791, -28.232025259119094, -133.2544008337579, -30.00200384827389, -52.12777412014236, -41.36942085400081, -21.549501890858437, -31.082291843322672, -14.934217292287073, -46.947923322842804, -22.74184381590638, -52.051927059959255, -9.942608956033636, -903.8794343394304, -65.49221442002822, -27.876305289915827, -22.889829314976364, -23.621389058675867, -16.96078075575943, -27.06214637036784, -51.07588698774925, -8.364650851378443, -24.023423354102974, 1.7438294847430003, -19.667068089460464, -69.94927116367141, -28.333142174640084, -61.86780876813658, -80.41543256086648, -1.8161363190898463, -55.40546956959237, -47.7350697597298, -111.3542485857118, -37.16362780629567, -5.0471535072798055, -62.297275485151495, -105.49375644914626, -73.59118723683814, -76.19219209198255, -134.66843777269102, -4.508928827258572, -63.573855302520776, -4.566880503508825, -30.678916087178806, -0.1647558708938568, -49.30844047507441, -5.646630608008909, -25.301773444537925, -2.087087393992174, -44.324421541322266, -9.921604960291528, -28.682583240591693, -61.0878183293614, -24.38707921629185, -26.376437256399704, -40.386126985237105, -4.705709184724939, -1126.7817840516602, -13.666568290519846, -57.84361924787749, -110.87189225403682, -37.87376887720754, -4.159532492954536, -105.71570824613346, -46.70367288418541, -6.449652904657281, -17.36438650269457, -52.893315982024504, -30.379065179456344, -52.41038886466827, -11.467668280875378, -37.30339067011909], "episode_lengths": [11, 116, 13, 43, 162, 10, 12, 9, 32, 74, 13, 86, 9, 15, 19, 31, 26, 28, 50, 40, 25, 12, 15, 12, 29, 12, 98, 1000, 185, 11, 12, 29, 12, 14, 15, 26, 51, 78, 82, 13, 25, 13, 74, 23, 26, 9, 18, 43, 13, 110, 12, 79, 12, 37, 21, 1000, 12, 47, 15, 69, 23, 81, 36, 71, 36, 90, 650, 14, 17, 33, 69, 13, 41, 11, 36, 23, 99, 144, 25, 43, 12, 37, 127, 19, 12, 13, 148, 44, 20, 90, 16, 15, 86, 14, 11, 14, 14, 13, 15, 42, 84, 66, 11, 38, 16, 11, 11, 11, 25, 38, 34, 71, 87, 73, 12, 41, 11, 56, 1000, 19, 13, 14, 22, 44, 14, 65, 13, 26, 18, 111, 40, 18, 35, 62, 30, 49, 1000, 22, 26, 12, 21, 137, 15, 10, 18, 105, 93, 34, 24, 78, 65, 31, 43, 13, 28, 165, 29, 49, 18, 27, 11, 47, 12, 11, 51, 10, 34, 41, 30, 14, 12, 27, 47, 21, 437, 12, 95, 24, 13, 11, 29, 97, 23, 45, 48, 25, 28, 11, 27, 50, 33, 17, 1000, 60, 37, 17, 22, 13, 18, 89, 22, 16, 16, 27, 90, 33, 62, 54, 12, 30, 46, 84, 39, 13, 34, 66, 46, 49, 77, 12, 41, 11, 19, 14, 27, 13, 19, 15, 28, 18, 49, 46, 44, 29, 29, 13, 1000, 20, 78, 87, 81, 14, 75, 39, 13, 18, 33, 56, 62, 14, 41],