{"initial_reset_timestamp": 1527588660.8467736, "episode_types": ["t", "t", "t", "t", "t"], "episode_rewards": [449.7439798007341, 698.3788452026583, 779.3730080500603, 432.6517788629679], "episode_lengths": [1000, 1000, 1000, 1000], "timestamps": [1527588685.994363, 1527588710.8844178, 1527588713.63333, 1527588716.2751646]}